"barrr101","Barrett","Red","R","R","NLS","X"
"cavap101","Cavarretta","Phil","L","L","NLS","X"
"coopm101","Cooper","Mort","R","R","NLS","X"
"ellib103","Elliott","Bob","R","R","NLS","X"
"gregh102","Gregg","Hal","R","R","NLS","X"
"hacks101","Hack","Stan","L","R","NLS","X"
"holmt101","Holmes","Tommy","L","L","NLS","X"
"johnd101","Johnson","Don","R","R","NLS","X"
"kurow101","Kurowski","Whitey","R","R","NLS","X"
"lombe101","Lombardi","Ernie","R","R","NLS","X"
"marim101","Marion","Marty","R","R","NLS","X"
"masip101","Masi","Phil","R","R","NLS","X"
"mccof101","McCormick","Frank","R","R","NLS","X"
"mungv101","Mungo","Van","R","R","NLS","X"
"nichb101","Nicholson","Bill","L","R","NLS","X"
"odeak101","O'Dea","Ken","L","R","NLS","X"
"ott-m101","Ott","Mel","L","R","NLS","X"
"pafka101","Pafko","Andy","R","R","NLS","X"
"passc101","Passeau","Claude","R","R","NLS","X"
"roe-p101","Roe","Preacher","R","L","NLS","X"
"roseg101","Rosen","Goody","L","L","NLS","X"
"sewer101","Sewell","Rip","L","R","NLS","X"
"verbe101","Verban","Emil","R","R","NLS","X"
"walkd101","Walker","Dixie","L","R","NLS","X"
"wyseh101","Wyse","Hank","R","R","NLS","X"
